r_angstrom,g_r,running_coordination_number
0.0250,0.00000,0.00000
0.0750,0.00000,0.00000
0.1250,0.00000,0.00000
0.1750,0.00000,0.00000
0.2250,0.00000,0.00000
0.2750,0.00000,0.00000
0.3250,0.00000,0.00000
0.3750,0.00000,0.00000
0.4250,0.00000,0.00000
0.4750,0.00000,0.00000
0.5250,0.00000,0.00000
0.5750,0.00000,0.00000
0.6250,0.00000,0.00000
0.6750,0.00000,0.00000
0.7250,0.00000,0.00000
0.7750,0.00000,0.00000
0.8250,0.00000,0.00000
0.8750,0.00000,0.00000
0.9250,0.00000,0.00000
0.9750,0.00000,0.00000
1.0250,0.00000,0.00000
1.0750,0.00000,0.00000
1.1250,0.00000,0.00000
1.1750,0.00000,0.00000
1.2250,0.00000,0.00000
1.2750,0.00000,0.00000
1.3250,0.00000,0.00000
1.3750,0.01572,0.00008
1.4250,0.19030,0.00106
1.4750,1.36288,0.00859
1.5250,4.73246,0.03655
1.5750,9.45176,0.09612
1.6250,12.47577,0.17982
1.6750,12.36724,0.26797
1.7250,9.86255,0.34253
1.7750,7.44427,0.40211
1.8250,5.15653,0.44575
1.8750,3.44987,0.47656
1.9250,2.27024,0.49793
1.9750,1.76617,0.51543
2.0250,1.29401,0.52892
2.0750,1.05634,0.54047
2.1250,0.88543,0.55063
2.1750,0.85305,0.56088
2.2250,0.74759,0.57028
2.2750,0.72945,0.57987
2.3250,0.75341,0.59022
2.3750,0.76023,0.60111
2.4250,0.73931,0.61216
2.4750,0.74857,0.62381
2.5250,0.80547,0.63685
2.5750,0.86080,0.65135
2.6250,0.95020,0.66799
2.6750,1.09054,0.68781
2.7250,1.46623,0.71547
2.7750,1.76710,0.75004
2.8250,2.46965,0.80011
2.8750,3.18833,0.86706
2.9250,4.14263,0.95710
2.9750,5.02647,1.07012
3.0250,5.80787,1.20514
3.0750,6.06540,1.35084
3.1250,6.04257,1.50075
3.1750,5.56402,1.64324
3.2250,4.94194,1.77381
3.2750,4.14779,1.88683
3.3250,3.43443,1.98329
3.3750,3.02090,2.07071
3.4250,2.55068,2.14672
3.4750,2.16270,2.21307
3.5250,2.06589,2.27828
3.5750,1.91140,2.34034
3.6250,1.89353,2.40355
3.6750,1.91280,2.46918
3.7250,1.76378,2.53135
3.7750,1.79872,2.59647
3.8250,1.68901,2.65925
3.8750,1.57543,2.71934
3.9250,1.48151,2.77732
3.9750,1.39603,2.83336
4.0250,1.40331,2.89112
4.0750,1.35431,2.94825
4.1250,1.33740,3.00606
4.1750,1.34479,3.06561
4.2250,1.34354,3.12654
4.2750,1.33751,3.18863
4.3250,1.31074,3.25092
4.3750,1.27551,3.31294
4.4250,1.24078,3.37466
4.4750,1.24364,3.43793
4.5250,1.25442,3.50318
4.5750,1.26266,3.57032
4.6250,1.28484,3.64014
4.6750,1.27417,3.71088
4.7250,1.27764,3.78335
4.7750,1.29372,3.85828
4.8250,1.32707,3.93677
4.8750,1.35690,4.01869
4.9250,1.33531,4.10097
4.9750,1.35785,4.18635
5.0250,1.39748,4.27599
5.0750,1.40759,4.36809
5.1250,1.35451,4.45847
5.1750,1.31320,4.54781
5.2250,1.29527,4.63765
5.2750,1.23691,4.72508
5.3250,1.22139,4.81307
5.3750,1.14938,4.89742
5.4250,1.11415,4.98072
5.4750,1.10852,5.06514
5.5250,1.06420,5.14766
5.5750,1.04783,5.23040
5.6250,1.03751,5.31379
5.6750,1.03038,5.39809
5.7250,1.02743,5.48364
5.7750,1.01796,5.56989
5.8250,0.96989,5.65349
5.8750,0.98446,5.73981
5.9250,0.96707,5.82605
5.9750,0.95949,5.91307
6.0250,0.92479,5.99836
6.0750,0.92735,6.08530
6.1250,0.91743,6.17274
6.1750,0.91803,6.26166
6.2250,0.92444,6.35267
6.2750,0.92845,6.44554
6.3250,0.90918,6.53794
6.3750,0.92204,6.63314
6.4250,0.94376,6.73211
6.4750,0.93597,6.83179
6.5250,0.92029,6.93133
6.5750,0.92130,7.03251
6.6250,0.92523,7.13567
6.6750,0.90658,7.23829
6.7250,0.93916,7.34619
6.7750,0.91790,7.45322
6.8250,0.94056,7.56452
6.8750,0.96121,7.67994
6.9250,0.94428,7.79498
6.9750,0.94744,7.91207
7.0250,0.93912,8.02981
7.0750,0.95307,8.15101
7.1250,0.95994,8.27480
7.1750,0.95484,8.39968
7.2250,0.94266,8.52469
7.2750,0.95376,8.65292
7.3250,0.96295,8.78418
7.3750,0.95035,8.91549
7.4250,0.93031,9.04578
7.4750,0.92575,9.17719
7.5250,0.91454,9.30875
7.5750,0.92038,9.44292
7.6250,0.92817,9.58001
7.6750,0.89391,9.71377
7.7250,0.90330,9.85071
7.7750,0.89491,9.98814
7.8250,0.90002,10.12814
7.8750,0.90325,10.27044
7.9250,0.88088,10.41099
7.9750,0.88354,10.55374
8.0250,0.87707,10.69723
8.0750,0.87775,10.84263
8.1250,0.89152,10.99215
8.1750,0.88810,11.14292
8.2250,0.90623,11.29867
8.2750,0.89531,11.45441
8.3250,0.90786,11.61425
8.3750,0.89917,11.77447
8.4250,0.89754,11.93632
8.4750,0.91450,12.10318
8.5250,0.89900,12.26916
8.5750,0.91412,12.43991
8.6250,0.92153,12.61407
8.6750,0.93277,12.79239
8.7250,0.91312,12.96898
8.7750,0.92997,13.15089
8.8250,0.92681,13.33426
8.8750,0.89478,13.51330
8.9250,0.90783,13.69701
8.9750,0.89673,13.88051
9.0250,0.90690,14.06816
9.0750,0.89567,14.25555
9.1250,0.90346,14.44665
9.1750,0.89717,14.63852
9.2250,0.89892,14.83285
9.2750,0.89979,15.02949
9.3250,0.90299,15.22896
9.3750,0.91401,15.43304
9.4250,0.90074,15.63631
9.4750,0.89938,15.84142
9.5250,0.90864,16.05084
9.5750,0.90752,16.26221
9.6250,0.89619,16.47312
9.6750,0.92093,16.69212
9.7250,0.91306,16.91149
9.7750,0.90724,17.13171
9.8250,0.93045,17.35988
9.8750,0.92875,17.58996
9.9250,0.91428,17.81875
9.9750,0.91843,18.05090
10.0250,0.92216,18.28634
10.0750,0.90776,18.52042
10.1250,0.91288,18.75816
10.1750,0.92446,19.00130
10.2250,0.92078,19.24586
10.2750,0.92359,19.49357
10.3250,0.91146,19.74041
10.3750,0.92023,19.99205
10.4250,0.93147,20.24922
10.4750,0.91914,20.50543
10.5250,0.93042,20.76726
10.5750,0.93507,21.03291
10.6250,0.93083,21.29986
10.6750,0.92833,21.56860
10.7250,0.92512,21.83893
10.7750,0.93275,22.11404
10.8250,0.93880,22.39351
10.8750,0.92887,22.67258
10.9250,0.93490,22.95605
10.9750,0.94090,23.24395
11.0250,0.93000,23.53112
11.0750,0.93580,23.82271
11.1250,0.92566,24.11375
11.1750,0.92543,24.40734
11.2250,0.93284,24.70594
11.2750,0.93517,25.00795
11.3250,0.94924,25.31723
11.3750,0.94206,25.62689
11.4250,0.93964,25.93847
11.4750,0.93361,26.25077
11.5250,0.94120,26.56836
11.5750,0.95061,26.89191
11.6250,0.93849,27.21410
11.6750,0.92698,27.53509
11.7250,0.93266,27.86081
11.7750,0.95869,28.19849
11.8250,0.94794,28.53522
11.8750,0.96522,28.88100
11.9250,0.95589,29.22632
11.9750,0.96839,29.57910
